gmlid,shape
DEHE06200002pElI,Rectangle
DEHE06200000yoAt,T-Shape
DEHE06200000yobv,Rectangle
DEHE06200000ymIS,Unknown
DEHE06200000yq0r,Rectangle
DEHE06200001OCFm,Unknown
DEHE06200000ylgO,L-Shape
DEHE06200000ykRx,T-Shape
DEHE062000027333,Rectangle
DEHE06200000ymBH,Unknown
DEHE06200000xykR,Unknown
DEHE06200002brzu,T-Shape
DEHE06200001x1lB,T-Shape
DEHE06200000ynoY,Unknown
DEHE06200000xyG8,Unknown
DEHE06200001F8lT,T-Shape
DEHE06200000yqZu,Unknown
DEHE062000002DZU,Unknown
DEHE06120000OW5s,T-Shape
DEHE062000002CFS,L-Shape
DEHE06120000OW6C,Unknown
DEHE062000002CFy,Unknown
DEHE06120000OW5e,Rectangle
DEHE06200000rg3A,Unknown
DEHE06200001Xmhz,Unknown
DEHE062000021oXy,Rectangle
DEHE06200000ncam,Rectangle
DEHE06200001PDmR,Rectangle
DEHE06200000sjVn,Unknown
DEHE06200000sgy3,T-Shape
DEHE06200000ymV2,Rectangle
DEHE06200000zAWL,Unknown
DEHE06200000ymVS,Rectangle
DEHE06200000smfA,Unknown
DEHE06200002bZP5,Unknown
DEHE062000002DvC,T-Shape
DEHE06200000smoZ,Unknown
DEHE06120001Qhc6,Rectangle
DEHE06200000slT0,Rectangle
DEHE062000002CFe,Unknown
DEHE06200000skyz,Rectangle
DEHE06120001YfdW,Rectangle
DEHE06120001rAIU,Rectangle
DEHE06120001Qhc8,Rectangle
DEHE06120001ZZOb,Rectangle
DEHE06120002dMrQ,T-Shape
DEHE06120000N7Xr,Unknown
DEHE06120000NjOA,Rectangle
DEHE06120001rAGd,Rectangle
DEHE06120001Qhc7,Rectangle
DEHE06120000NjO3,L-Shape
DEHE06120001HoKd,Unknown
DEHE06120002smB3,Unknown
DEHE06120002ldI3,Unknown
DEHE06120000N9sB,Unknown
DEHE06120000N9jo,Rectangle
DEHE06120002bfJH,Rectangle
DEHE06120000N9C6,L-Shape
DEHE06120000N9iH,Unknown
DEHE06120001ApMw,L-Shape
DEHE06120000N9qQ,L-Shape
DEHE06120000N9qv,T-Shape
DEHE06120001ApMt,Unknown
DEHE06120000Nf2r,Rectangle
DEHE06120000NeZQ,Rectangle
DEHE06200001nFe8,L-Shape
DEHE06120000NeZ6,Rectangle
DEHE06120000OpKt,Rectangle
DEHE06120001GeFL,Rectangle
DEHE06200001nFcs,Rectangle
DEHE06120000Oskg,Rectangle
DEHE06120000OsjS,Rectangle
DEHE06120000OW9k,Rectangle
DEHE06120001GeFO,Rectangle
DEHE06120001GeFK,Rectangle
DEHE06200001r41T,Rectangle
DEHE06200001nFl6,Unknown
DEHE06200001nFeQ,Unknown
DEHE06200001nFeI,Unknown
DEHE06200001nFdK,Rectangle
DEHE06200001iJyL,Rectangle
DEHE06200001nFf4,Unknown
DEHE06200001zJO5,Rectangle
DEHE06200001iJvI,Rectangle
DEHE06200001kLXQ,Rectangle
DEHE06200001CPHr,Rectangle
DEHE06200001nFbT,Rectangle
DEHE06200002xTKV,Rectangle
DEHE06200001kLYq,Rectangle
DEHE06200001kLYy,Unknown
DEHE06200001kLX1,Rectangle
DEHE06200001kLNr,Rectangle
DEHE06200001kMQX,Rectangle
DEHE06200001kNhS,Rectangle
DEHE06200001kLQr,Unknown
DEHE06200001kLWC,Unknown
DEHE06200001kLPY,Unknown
DEHE06200001kMkT,Rectangle
DEHE06200001mlCm,Unknown
DEHE06200001kl7e,T-Shape
DEHE06200002z50p,Rectangle
DEHE06200001kMin,Rectangle
DEHE06200001nFDN,Rectangle
DEHE06200001nFLZ,Unknown
DEHE06200002ps8n,Unknown
DEHE06200001mDGV,T-Shape
DEHE06200001nFa5,Rectangle
DEHE06200001nFHE,Rectangle
DEHE06200001mDKJ,Unknown
DEHE06200001mDMd,Rectangle
DEHE06200001nFy2,Rectangle
DEHE06200001nFhT,Unknown
DEHE061200000M9h,Rectangle
DEHE06200001mDHj,Unknown
DEHE06200001nFcb,Rectangle
DEHE06120000OVAg,L-Shape
DEHE06120000OW51,Rectangle
DEHE06200001rQGl,L-Shape
DEHE06120000OW4L,Rectangle
DEHE06200001mDH7,T-Shape
DEHE06200001cgLg,Unknown
DEHE061200027VyN,Unknown
DEHE06200001nFyn,Rectangle
DEHE06200001nFCU,Rectangle
DEHE06200001cfIS,Rectangle
DEHE06200001qolb,L-Shape
DEHE06200001qol6,Unknown
DEHE06200001cgp3,Rectangle
DEHE06200001gaYC,Rectangle
DEHE06200001kPzI,Rectangle
DEHE06200001kPJd,Rectangle
DEHE06200001kPj9,Rectangle
DEHE06200001kPA0,Rectangle
DEHE06200001kPA9,Rectangle
DEHE06200001kPIC,L-Shape
DEHE06200001kPJj,Rectangle
DEHE06200001ssyZ,Unknown
DEHE06200001gd7f,Rectangle
DEHE06200001kPDE,L-Shape
DEHE06200001ssMA,Rectangle
DEHE06200001ssY1,Rectangle
DEHE06200001MIND,Rectangle
DEHE06200001dyQw,Rectangle
DEHE06200001dx8S,Rectangle
DEHE06200001dyDP,Rectangle
DEHE06200001dyFS,Rectangle
DEHE06200002n94w,Rectangle
DEHE06200001dyH0,Unknown
DEHE06200002gGCj,L-Shape
DEHE06200001c4G6,Rectangle
DEHE06200001dxaR,L-Shape
DEHE06200001dxSh,Rectangle
DEHE06200002lTKV,Rectangle
DEHE06200002lTKX,Unknown
DEHE06200002lTJr,Unknown
DEHE06200002w2ER,Unknown
DEHE06200002cm4a,Rectangle
DEHE06200002oH4S,T-Shape
DEHE06200001eSKm,Rectangle
DEHE06200001eBDS,Rectangle
DEHE06200001eBzR,Rectangle
DEHE06200001AWBm,Rectangle
DEHE06200002bVzM,L-Shape
DEHE06200002uaus,Unknown
DEHE06200001eBsb,Rectangle
DEHE06200001VCOC,Rectangle
DEHE06200001elWL,Rectangle
DEHE06200001hogg,Rectangle
DEHE06200001bMeR,Unknown
DEHE06200001YDMP,Rectangle
DEHE06200001bAlT,Rectangle
DEHE06200001buUF,Rectangle
DEHE06200001ceEr,Unknown
DEHE06200001bv4K,Rectangle
DEHE06200002uDVJ,Rectangle
DEHE06200001bMSK,L-Shape
DEHE06200001bAoV,Unknown
DEHE06200001bMib,Unknown
DEHE06200001bMj0,Rectangle
DEHE06200001WHid,Unknown
DEHE06200001bjkF,Rectangle
DEHE06200001bpIU,L-Shape
DEHE06200001ceEm,Rectangle
DEHE06200001bAvc,L-Shape
DEHE06200001bAkY,T-Shape
DEHE06200002v2jj,Rectangle
DEHE06200001bMmD,Rectangle
DEHE06200002tZju,Rectangle
DEHE06200002uDVP,Rectangle
DEHE06200001bN9O,Rectangle
DEHE06200001bLWW,Rectangle
DEHE06200001bMjy,Rectangle
DEHE06200001bAYf,Rectangle
DEHE06200001bApU,Rectangle
DEHE06200001bMol,Rectangle
DEHE06200001bNkP,Rectangle
DEHE06200001bAsb,Rectangle
DEHE06200001bAZR,Rectangle
DEHE06200001bMeZ,T-Shape
DEHE06200001hmqa,L-Shape
DEHE06200002rxWz,Rectangle
DEHE06200001hpIA,Rectangle
DEHE06200001gODs,Rectangle
DEHE06200001rudw,Rectangle
DEHE06200002dudz,Rectangle
DEHE06200001hsKR,Unknown
DEHE06200001UY37,Unknown
DEHE06200001Uxdy,T-Shape
DEHE06200001ogHS,Rectangle
DEHE06200001ogHU,Rectangle
DEHE06200001ruf2,L-Shape
DEHE06200002ygnW,Unknown
DEHE06200001jSmG,Rectangle
DEHE06200001nCwV,Rectangle
DEHE06200001jTJr,Rectangle
DEHE06200001jTVR,Rectangle
DEHE06200002tEcB,Rectangle
DEHE06200001FH7V,Unknown
DEHE06200001qohU,Rectangle
DEHE06200001FH7P,Unknown
DEHE06200002cYS9,Rectangle
DEHE06200002sRi1,Rectangle
DEHE06200001C2yH,Unknown
DEHE06200002lsly,T-Shape
DEHE06200001qoua,L-Shape
DEHE06200001qoi1,Rectangle
DEHE06200001qo5B,Rectangle
DEHE06200002rzF0,Unknown
DEHE06200001qo6A,Rectangle
DEHE06200001qo66,Rectangle
DEHE06200001qo6D,Rectangle
DEHE06200001qo7h,Rectangle
DEHE06200001qo7e,Rectangle
DEHE06200001ybXf,Unknown
DEHE06200001qorA,L-Shape
DEHE06200001qo8r,Rectangle
DEHE06200001qo6I,L-Shape
DEHE06200001pQcG,Rectangle
DEHE06200001pRHP,Rectangle
DEHE06200001idw9,T-Shape
DEHE06200001idwe,Rectangle
DEHE06200001pRHI,Unknown
DEHE06200001idDQ,L-Shape
DEHE06200001idAG,Rectangle
DEHE06200001idAq,Rectangle
DEHE06200001eRJ5,Rectangle
DEHE06200001idDx,Rectangle
DEHE06200001idCg,L-Shape
DEHE06200001idAv,Rectangle
DEHE06200001fjOC,Unknown
DEHE06200001cKJj,Unknown
DEHE06200001cKxC,Rectangle
DEHE06200001cKfn,Unknown
DEHE06200002y3x0,Rectangle
DEHE06200001cxYa,Rectangle
DEHE06200001cxWZ,Rectangle
DEHE06200001fkVt,Rectangle
DEHE06200001Q3pE,Unknown
DEHE06200001cuKL,Rectangle
DEHE06200001QlCq,Rectangle
DEHE062000024Lxg,Rectangle
DEHE06200001chBW,Unknown
DEHE06200001cheo,Unknown
DEHE06200001chp7,Rectangle
DEHE06200001S6OP,Rectangle
DEHE06200002AtIq,Unknown
DEHE06200001cxXN,L-Shape
DEHE06200001cKaZ,L-Shape
DEHE06200002yaPI,Rectangle
DEHE06200001v5Ax,Rectangle
DEHE06200001chdy,T-Shape
DEHE06200002bLIJ,Rectangle
DEHE06200001cut0,Unknown
DEHE06200001cKh0,T-Shape
DEHE06200001bubk,Unknown
DEHE06200002aWgK,Rectangle
DEHE06200001cxXI,Unknown
DEHE06200001bBhg,Rectangle
DEHE06200001chlj,Rectangle
DEHE06200002nJ7K,Rectangle
DEHE06200001chny,Rectangle
DEHE06200001fkWy,T-Shape
DEHE06200001hXgc,Rectangle
DEHE062000027pQU,L-Shape
DEHE06200001buao,L-Shape
DEHE06200001hXfq,Rectangle
DEHE06200001hXj5,L-Shape
DEHE06200001vXxM,Rectangle
DEHE06200001qNUD,Unknown
DEHE06200001qNUG,Unknown
DEHE06200001qNQT,Rectangle
DEHE06200001qNUB,Unknown
DEHE06200001qNU2,T-Shape
DEHE06200001qNUC,Unknown
DEHE06200001APvV,Rectangle
DEHE062000027m59,T-Shape
DEHE062000025x4t,Rectangle
DEHE06200001Q19y,Unknown
DEHE06200001j4Zc,Rectangle
DEHE06200002skNr,Rectangle
DEHE06200001j4XT,Unknown
DEHE06200001j4Yk,Rectangle
DEHE06200001j584,Unknown
DEHE06200001j4XB,Unknown
DEHE06200001m3HH,Unknown
DEHE06200001p1da,Rectangle
DEHE06200002AOc7,T-Shape
DEHE06200001m3CO,Unknown
DEHE06200001p1cU,L-Shape
DEHE06200001flWP,Rectangle
DEHE06200002vwJl,Unknown
DEHE06200002bU5O,Unknown
DEHE06200001flvy,Rectangle
DEHE06200001fldT,Unknown
DEHE06200001cxkR,Unknown
DEHE06200001fkG7,Rectangle
DEHE06200001flkT,L-Shape
DEHE0620000279Kk,Rectangle
DEHE0620000207Rm,Rectangle
DEHE06200002bhFu,Rectangle
DEHE06200001flfu,L-Shape
DEHE062000025fjN,Rectangle
DEHE06200001fllc,T-Shape
DEHE06200001ru2w,T-Shape
DEHE06200000siIv,Unknown
DEHE06200000siRt,Rectangle
DEHE062000029yJl,Rectangle
DEHE06200001C2CW,Rectangle
DEHE06200001qorL,Rectangle
DEHE06200001qom8,Rectangle
DEHE06200001qoej,Rectangle
DEHE06200001iJwd,Rectangle
DEHE06200001qomr,Rectangle
DEHE06200001qo7F,Rectangle
DEHE06200001qonm,Rectangle
DEHE06200000t0su,Rectangle
DEHE06200001iJnN,Rectangle
DEHE06200001r45V,Unknown
DEHE06200001iJlR,Rectangle
DEHE06200001r463,T-Shape
DEHE06200000sjOs,Unknown
DEHE06200001PVAx,Unknown
DEHE06200001Jq9q,Rectangle
DEHE062000021zjB,Rectangle
DEHE06200000t25O,Unknown
DEHE06200000sj7e,T-Shape
DEHE06200000shYI,Unknown
DEHE06200001U8fV,Rectangle
DEHE06200000t1XG,Unknown
DEHE06200000t25r,Unknown
DEHE06200000sjCY,Unknown
DEHE06200000sjFY,L-Shape
DEHE06200000sjU9,Unknown
DEHE06200000sjVT,T-Shape
DEHE06200001E3MO,Rectangle
DEHE06200000t1UT,T-Shape
DEHE06200000z95c,Unknown
DEHE061200000RLH,T-Shape
DEHE06120001TzEl,Rectangle
DEHE061200000Q6i,T-Shape
DEHE061200000QgR,T-Shape
DEHE061200000PSA,Rectangle
DEHE06200002BGh7,Rectangle
DEHE06120000mgj7,Rectangle
DEHE06200002BGhf,Rectangle
DEHE06200002Dgsv,Unknown
DEHE06200002Dk8n,Unknown
DEHE06200002HhXG,Rectangle
DEHE06200002HrtZ,Unknown
DEHE06200002Hru4,Unknown
DEHE06200002HruV,L-Shape
DEHE06200000nc6c,Rectangle
DEHE06200000nbEy,Unknown
DEHE06200000ncay,T-Shape
DEHE06200000ncau,Rectangle
DEHE06200000ncbR,Rectangle
DEHE06200000jqoB,Unknown
DEHE06200000muW8,Rectangle
DEHE06120000Lye6,L-Shape
DEHE06120000Wek4,Rectangle
DEHE06200000muU1,T-Shape
DEHE06120000Wdv1,Rectangle
DEHE06120000Wdv4,L-Shape
DEHE06120000WeEN,Rectangle
DEHE06120000WejA,Rectangle
DEHE06120000WehM,L-Shape
DEHE06120000Wbna,Rectangle
DEHE06120000WejH,Rectangle
DEHE06120000WeyT,L-Shape
DEHE06120000WejI,Rectangle
DEHE06120000Wegy,L-Shape
DEHE06120000Wefm,Rectangle
DEHE06120000Weji,Rectangle
DEHE06120000WdZy,Rectangle
DEHE06120000We1i,Rectangle
DEHE06120000Wekf,Unknown
DEHE06120000WejG,Rectangle
DEHE06120000Wejy,Rectangle
DEHE06120000Webk,Rectangle
DEHE06120000Webn,Rectangle
DEHE06120000WejD,Rectangle
DEHE06120000WexN,Rectangle
DEHE06120000Wej4,Rectangle
DEHE06120000U4ez,Rectangle
DEHE061200029OG7,Rectangle
DEHE06120000Wey2,Rectangle
DEHE06120000Weiq,Rectangle
DEHE06120002jGKi,L-Shape
DEHE06120000Wg0q,L-Shape
DEHE06120000Wf0h,Rectangle
DEHE06120000U5ne,T-Shape
DEHE06200000ncgu,L-Shape
DEHE06120000U41Y,Unknown
DEHE06200000muU4,Unknown
DEHE06120000PBJZ,T-Shape
DEHE06120000YlqS,L-Shape
DEHE06120000PC6m,L-Shape
DEHE06120000PBl7,Unknown
DEHE06120000PyqL,Rectangle
DEHE06120000Ylxd,Rectangle
DEHE06120000PC6k,Rectangle
DEHE06120000PC6B,L-Shape
DEHE06120000XqQM,Rectangle
DEHE06120000YltD,Rectangle
DEHE06120000XoYx,T-Shape
DEHE06120000XqL1,Unknown
DEHE06120001wqIo,Rectangle
DEHE06120001V4Ms,Unknown
DEHE06120000XmOs,L-Shape
DEHE06120000Xtin,Rectangle
DEHE06120000Xtik,Rectangle
DEHE06120000XqOv,Unknown
DEHE06120000XmKC,Rectangle
DEHE0612000252nZ,L-Shape
DEHE06120000Xtio,Rectangle
DEHE06120001Rnof,Rectangle
DEHE06120001yjKa,Rectangle
DEHE06120001uHat,Rectangle
DEHE06120001AFUQ,Rectangle
DEHE06120001VPHx,L-Shape
DEHE06120001VPHp,T-Shape
DEHE061200024clH,Rectangle
DEHE061200028oij,Unknown
DEHE061200024clC,Rectangle
DEHE06120000Rg80,L-Shape
DEHE06120002iG32,Unknown
DEHE061200024clG,Rectangle
DEHE06120000Q957,Rectangle
DEHE05970000knND,Rectangle
DEHE05970000klOW,L-Shape
DEHE05970000kQ0S,Rectangle
DEHE05970000koIO,Rectangle
DEHE05970000jUdy,Rectangle
DEHE05970000jU2A,Rectangle
DEHE05970000jUdt,Rectangle
DEHE05970000jUdv,Rectangle
DEHE05970000jUdA,Rectangle
DEHE06200000kHjF,Rectangle
DEHE05970001qcII,Rectangle
DEHE05970000qFzk,Rectangle
DEHE06200000kI2J,Rectangle
DEHE06200000kI9g,Rectangle
DEHE06200000kEks,Rectangle
DEHE06200002eMiF,Rectangle
DEHE06200000kI8u,Rectangle
DEHE06200002oLj7,Rectangle
DEHE06200000kHTL,Rectangle
DEHE06200000kI9q,Unknown
DEHE06200000kI0b,Rectangle
DEHE06200000kI09,Rectangle
DEHE06200000jqrh,Rectangle
DEHE06200000kHTV,L-Shape
DEHE06200000esmJ,Rectangle
DEHE06200000jqqX,L-Shape
DEHE06200000esmR,Rectangle
DEHE05970000db6J,Rectangle
DEHE062000007MjX,Rectangle
DEHE05970000cksK,Rectangle
DEHE05970000cKmZ,Rectangle
DEHE05970000db6Q,Rectangle
DEHE05970000db0m,Rectangle
DEHE059700000zeO,T-Shape
DEHE059700011coz,Rectangle
DEHE05970000db0C,Rectangle
DEHE05970001gdNK,Unknown
DEHE059700000odR,Rectangle
DEHE05970000db0z,Rectangle
DEHE05970000db0v,Rectangle
DEHE059700016st4,Rectangle
DEHE059700000o3L,L-Shape
DEHE06200000sjFN,L-Shape
DEHE06200002u2LY,L-Shape
DEHE06200002bAI0,Rectangle
DEHE06200002u2LN,Rectangle
DEHE06200000sjJb,L-Shape
DEHE06200000siQW,Unknown
DEHE06200001IGTq,Rectangle
DEHE06200000muVi,Rectangle
DEHE06200000ncch,Rectangle
DEHE06200000muVS,Rectangle
DEHE06200002oIfu,Rectangle
DEHE06200001Ld5c,Unknown
DEHE06120000OskN,Rectangle
DEHE06120000OsjN,Rectangle
DEHE06120000OsjK,Rectangle
DEHE06200001nFbz,Rectangle
DEHE06200001nFJT,Unknown
DEHE06200001j4VZ,Rectangle
DEHE06200001mDM0,Unknown
DEHE06200001nFKs,L-Shape
DEHE06200001qowJ,Unknown
DEHE06200001nFCW,Rectangle
DEHE06200001nFD0,Rectangle
DEHE06200002jso2,L-Shape
DEHE06200001dzHf,Rectangle
DEHE06200001kPBl,Rectangle
DEHE06200001dzcy,Unknown
DEHE06200001bOlG,Unknown
DEHE06200002efj2,Rectangle
DEHE06200002n94v,L-Shape
DEHE06200001bLLn,Rectangle
DEHE06200001bLLA,Unknown
DEHE06200002lMPO,Unknown
DEHE06200001FHf1,Rectangle
DEHE06200001gOD9,Rectangle
DEHE06200002tHE5,T-Shape
DEHE06200001ofA4,Rectangle
DEHE06200001ofya,Rectangle
DEHE06200001ogHc,Rectangle
DEHE06200001qoxp,L-Shape
DEHE06200001qoo0,Rectangle
DEHE06200001choN,Unknown
DEHE06200001chlA,Rectangle
DEHE06200001hX9W,Rectangle
DEHE06200001chmT,Rectangle
DEHE06200001chmn,Rectangle
DEHE06200002rp9m,L-Shape
DEHE06200002zvfs,Rectangle
DEHE06200002qa1H,T-Shape
DEHE06200002qvBB,Unknown
DEHE06200002ufHI,T-Shape
DEHE06200002qvCc,Unknown
DEHE06200001qNUe,Rectangle
DEHE06200001j4ZM,Unknown
DEHE06200001mC3x,Rectangle
DEHE06200001qoti,Rectangle
DEHE06200001cxhV,Unknown
DEHE06200002zZkG,Rectangle
DEHE06200001cxpm,Rectangle
DEHE06120002pKm5,Rectangle
DEHE06120002w4Bi,T-Shape
DEHE06120000U4gU,Unknown
DEHE06120000WeiM,Rectangle
DEHE06120000Yhe9,Rectangle
DEHE06120000VmVA,Unknown
DEHE06120000VmVj,Rectangle
DEHE06120000XsAz,L-Shape
DEHE06120000Xoxy,T-Shape
DEHE06200000kHkG,L-Shape
DEHE06200000kI0a,Rectangle
DEHE05970000daoz,Unknown
DEHE062000007Mci,Rectangle
DEHE06200000jrUU,T-Shape
DEHE06200000sZ2u,Rectangle
DEHE06200000rEwn,Unknown
DEHE06120000OW5A,Rectangle
DEHE06120000N84e,Unknown
DEHE06120000N6gx,Rectangle
DEHE06120000N5Qo,Unknown
DEHE06120000N7V4,Rectangle
DEHE06120000Nbod,Rectangle
DEHE06120000N7Wl,Rectangle
DEHE06120000N86q,Rectangle
DEHE06120000N82t,Unknown
DEHE06120002af80,Rectangle
DEHE06120002rpf2,Rectangle
DEHE06120002d8Vz,Unknown
DEHE06120000N5xu,Rectangle
DEHE06120000NcXu,Unknown
DEHE06120002qsAh,Unknown
DEHE06120000N7Jw,Rectangle
DEHE06120000NkY4,L-Shape
DEHE06120000NcGy,Rectangle
DEHE06120001SjxT,Rectangle
DEHE06120001Yi4k,L-Shape
DEHE06120000Nh7Z,Unknown
DEHE06120000NkJA,Rectangle
DEHE06120000Nc5K,Rectangle
DEHE06120000NkGQ,Unknown
DEHE06120000NhyH,Unknown
DEHE06120000N9t1,Rectangle
DEHE06120001t4GA,Unknown
DEHE06120000N9BS,Unknown
DEHE06120000NrnY,Rectangle
DEHE06120000N9BV,Unknown
DEHE06120000N9wk,T-Shape
DEHE06120000N9zx,Unknown
DEHE06120000N9ke,Unknown
DEHE06120001ApMx,Unknown
DEHE06120000N8R5,L-Shape
DEHE06120000N8tz,Rectangle
DEHE06120000N9tW,Rectangle
DEHE06120000N9gA,Unknown
DEHE06120000N9r1,Unknown
DEHE06120000N9CT,Unknown
DEHE06120000N9kw,L-Shape
DEHE06120000N9k3,Rectangle
DEHE06120000N9v2,Rectangle
DEHE06120000Osmo,Rectangle
DEHE06120002aKaE,Rectangle
DEHE06120000Yhfr,Unknown
DEHE06120000OW9q,T-Shape
DEHE06120000OsjL,L-Shape
DEHE06120000OsIA,Rectangle
DEHE06120001t1xn,L-Shape
DEHE06120001GeFN,Rectangle
DEHE06120000OSmA,L-Shape
DEHE06120000Nnoo,Rectangle
DEHE06200001nFeC,Unknown
DEHE06200001iJyZ,Rectangle
DEHE06200001iJxH,Unknown
DEHE06200001iJrp,Rectangle
DEHE06200001Ld4X,Rectangle
DEHE06200001iJlb,T-Shape
DEHE06200001iJAD,Rectangle
DEHE06200001iJAn,Rectangle
DEHE06200001iJAt,Rectangle
DEHE06200001iJwC,Rectangle
DEHE06200001iJrx,L-Shape
DEHE06200001Ld53,Unknown
DEHE06200001iJrB,Rectangle
DEHE06200001iJCm,T-Shape
DEHE06200001iJqV,T-Shape
DEHE06200001iJAb,Rectangle
DEHE06200001Ld5a,T-Shape
DEHE06200001SPWK,Unknown
DEHE06200001iJrJ,Rectangle
DEHE06200001nFfk,Unknown
DEHE06200001iJCD,Rectangle
DEHE06200001iJsp,Rectangle
DEHE06200001vrap,Rectangle
DEHE06200001iJz3,Unknown
DEHE06200001nFdw,Rectangle
DEHE06200001iJrF,L-Shape
DEHE06200001iJrj,Rectangle
DEHE06200001iJyH,Rectangle
DEHE06200001nFdc,Rectangle
DEHE06200002fpBl,Unknown
DEHE06200001iJyB,L-Shape
DEHE06200001iJyr,L-Shape
DEHE06200001kLYV,Rectangle
DEHE06200001kNfX,T-Shape
DEHE06200001iJpx,Rectangle
DEHE06200001iJAN,Rectangle
DEHE06200001iJzp,Rectangle
DEHE06200001iJyR,Unknown
DEHE06200001iJ3c,Unknown
DEHE06200001kMPO,L-Shape
DEHE06200001kMXO,Unknown
DEHE06200001iJxr,L-Shape
DEHE06200001kMl9,Unknown
DEHE06200001kMih,Rectangle
DEHE06200001kM0w,Rectangle
DEHE06200001iJrt,L-Shape
DEHE06200001kLWz,L-Shape
DEHE06200001kLVs,Unknown
DEHE06200001kNsA,Rectangle
DEHE06200001kNtI,Rectangle
DEHE06200001kLPq,Unknown
DEHE062000027kYQ,T-Shape
DEHE06200001M9sk,Unknown
DEHE06200001RyFT,Rectangle
DEHE06200001ss1b,T-Shape
DEHE06200001srOW,Unknown
DEHE06200001ZouG,Rectangle
DEHE06200001srVW,L-Shape
DEHE06200001srW6,Rectangle
DEHE06200001ebx7,Rectangle
DEHE06200001ebx2,Rectangle
DEHE06200001M9sl,T-Shape
DEHE06200001staP,Rectangle
DEHE06200001j5CF,Unknown
DEHE06200001m3Fp,Rectangle
DEHE06200001mlsb,Rectangle
DEHE06200001m3EI,L-Shape
DEHE06200001m3EY,L-Shape
DEHE06200001j4cI,Unknown
DEHE06200001m3E3,Unknown
DEHE06200001m3DF,Unknown
DEHE06200001j5nE,L-Shape
DEHE06200001m3FJ,L-Shape
DEHE06200001m3EA,Unknown
DEHE06200001kkJ9,Rectangle
DEHE06200001nFOO,L-Shape
DEHE06200001nFJz,L-Shape
DEHE06200001ieFI,Unknown
DEHE06200001km6T,Unknown
DEHE06200001mDLE,Unknown
DEHE06200001mDI1,Unknown
DEHE06200001nFJ0,T-Shape
DEHE06200001GdwJ,Rectangle
DEHE06200001nFME,Rectangle
DEHE06200001nFDU,T-Shape
DEHE06200001nFJD,T-Shape
DEHE06200001mDLv,Unknown
DEHE06200002vCKl,L-Shape
DEHE06200001nFGk,Rectangle
DEHE06200001nFI1,Rectangle
DEHE06200001nFzX,L-Shape
DEHE06200001nFcI,Unknown
DEHE06200001r455,Rectangle
DEHE06200001xIax,Unknown
DEHE06200001iJlP,Rectangle
DEHE06200001iJw0,Rectangle
DEHE06200001iJoJ,Rectangle
DEHE06200001ynRy,L-Shape
DEHE06200001nFcj,L-Shape
DEHE06200001nFKj,Unknown
DEHE06200001nFEn,Unknown
DEHE06200001nFft,Unknown
DEHE06200001rQZl,Unknown
DEHE06200001nF9c,Unknown
DEHE06200001iJmR,Rectangle
DEHE06200001iJob,Unknown
DEHE06200001rRMC,T-Shape
DEHE06200001cgLo,Rectangle
DEHE06200001cgDc,L-Shape
DEHE06200000FQLC,T-Shape
DEHE06200001uxcg,Rectangle
DEHE06200001cgLD,Rectangle
DEHE06200001mDtM,L-Shape
DEHE06200001cgKt,Rectangle
DEHE06200001mDtA,Rectangle
DEHE06200001cgAL,Unknown
DEHE06200001cfKI,Rectangle
DEHE06200001cgdi,T-Shape
DEHE062000023bxC,L-Shape
DEHE06200001KiY6,Unknown
DEHE06200001cgpr,Unknown
DEHE06200001cgxF,Rectangle
DEHE06200001cgri,T-Shape
DEHE06200001nFIB,Rectangle
DEHE06200001cfQY,L-Shape
DEHE06200001cgCM,L-Shape
DEHE06200001jQQE,Rectangle
DEHE06200001cg7m,L-Shape
DEHE06200001qoeP,Rectangle
DEHE062000023bxD,Unknown
DEHE06200001qofj,Rectangle
DEHE06200001cgzC,L-Shape
DEHE06200001qorC,L-Shape
DEHE06200002kJAB,Unknown
DEHE06200001LqLA,L-Shape
DEHE06200001qof6,Unknown
DEHE06200001qobj,L-Shape
DEHE06200001qoev,T-Shape
DEHE06200001qoaD,Unknown
DEHE06200001qojZ,Rectangle
DEHE06200001qowF,Rectangle
DEHE06200001qoep,Rectangle
DEHE06200001OmM0,T-Shape
DEHE06200001cgqQ,Unknown
DEHE06200001qol7,Unknown
DEHE06200001qofd,Rectangle
DEHE06200001qokh,Unknown
DEHE06200001qo9Z,T-Shape
DEHE06200001qolA,Rectangle
DEHE06200001LqLB,Unknown
DEHE06200001qokq,L-Shape
DEHE06200001qoeL,Unknown
DEHE06200001qok1,Rectangle
DEHE062000007Mkg,Rectangle
DEHE06200001qo8u,Unknown
DEHE06200001qodS,L-Shape
DEHE06200001qoeY,Rectangle
DEHE06200001qoeu,T-Shape
DEHE06200001kMXj,Unknown
DEHE06200001K7F6,L-Shape
DEHE06200001qovz,L-Shape
DEHE06200001gdxc,Unknown
DEHE06200001gdxm,Rectangle
DEHE06200001kLP1,Unknown
DEHE06200001gdxy,Unknown
DEHE06200001kLH5,Rectangle
DEHE06200001ssuk,Rectangle
DEHE062000021RPA,Unknown
DEHE06200001vSaU,L-Shape
DEHE06200001sr0H,Unknown
DEHE06200001TEQq,T-Shape
DEHE06200001sr9u,Unknown
DEHE06200001dyzC,L-Shape
DEHE06200001d7CL,Rectangle
DEHE06200001gdlQ,L-Shape
DEHE06200001kMng,Rectangle
DEHE06200001kM9d,Unknown
DEHE06200001dx68,Rectangle
DEHE06200001dycj,Rectangle
DEHE06200001dyeV,Rectangle
DEHE06200001dyAB,Rectangle
DEHE06200001dxO3,Rectangle
DEHE06200002b1cw,Unknown
DEHE06200001dyzx,Unknown
DEHE06200001dyfJ,Rectangle
DEHE06200001dxQG,Rectangle
DEHE06200001pu4p,Rectangle
DEHE062000028VGn,Rectangle
DEHE06200001pu5C,Unknown
DEHE06200001dy7m,Rectangle
DEHE06200001dy7j,Rectangle
DEHE06200001dxbM,Unknown
DEHE06200001dx9q,Rectangle
DEHE06200001gQpz,Unknown
DEHE06200001dxjz,T-Shape
DEHE06200001dxCJ,Unknown
DEHE06200002sinR,Unknown
DEHE06200001dxLf,Rectangle
DEHE0620000222gG,L-Shape
DEHE06200001dxR8,Rectangle
DEHE062000025ecd,Unknown
DEHE06200001gQxy,L-Shape
DEHE06200001c4Jk,Unknown
DEHE062000025El8,T-Shape
DEHE06200002zwJi,T-Shape
DEHE06200001dxNg,Rectangle
DEHE06200001dxbZ,Rectangle
DEHE06200001c4F0,Unknown
DEHE06200001DkB9,Rectangle
DEHE06200002ulAm,T-Shape
DEHE06200002jskN,T-Shape
DEHE06200002w2Ev,Unknown
DEHE06200001c3SH,Unknown
DEHE06200002fFBi,Rectangle
DEHE06200001dxPu,Rectangle
DEHE06200001dHYw,T-Shape
DEHE06200002ymyj,Rectangle
DEHE06200001gQep,T-Shape
DEHE06200001gQpf,Unknown
DEHE06200001gQfD,Unknown
DEHE06200001dxeT,L-Shape
DEHE06200001dxL8,Rectangle
DEHE06200001dxl3,T-Shape
DEHE06200002mN9c,L-Shape
DEHE06200002oH5I,Unknown
DEHE06200002uc03,Unknown
DEHE06200001gOPk,Rectangle
DEHE06200001gPmX,Unknown
DEHE06200001UXI2,L-Shape
DEHE06200001lE3x,Rectangle
DEHE06200001lE2m,Rectangle
DEHE06200001lBQX,Unknown
DEHE06200001lE7t,Unknown
DEHE06200001lEWT,Unknown
DEHE06200001eBPb,T-Shape
DEHE06200001lApM,Rectangle
DEHE06200001lARF,Rectangle
DEHE06200001eB8h,L-Shape
DEHE06200001bjZ4,Rectangle
DEHE06200001eB89,Rectangle
DEHE06200002japx,Unknown
DEHE06200001ebmX,Unknown
DEHE06200001AWBn,L-Shape
DEHE06200002vxuH,Unknown
DEHE06200001eCFv,Unknown
DEHE06200001eCB7,Rectangle
DEHE06200001eBKo,Unknown
DEHE06200001emcg,Unknown
DEHE06200001eBCU,Rectangle
DEHE06200001em8P,Rectangle
DEHE06200001embc,Unknown
DEHE06200002uauv,Unknown
DEHE06200001elXt,Unknown
DEHE06200001eB1d,L-Shape
DEHE06200001eCvh,Unknown
DEHE06200001elVY,Rectangle
DEHE06200001eBCq,Unknown
DEHE06200001FPLx,Rectangle
DEHE06200001eB8V,Unknown
DEHE06200001buWY,Rectangle
DEHE06200001bMHo,Rectangle
DEHE06200001bN8c,Unknown
DEHE06200001bAZI,Rectangle
DEHE06200001bL8G,Unknown
DEHE06200001d0aH,Rectangle
DEHE06200001bv9l,Unknown
DEHE06200001bNiF,Rectangle
DEHE06200002iqFN,Rectangle
DEHE06200001hoEm,T-Shape
DEHE06200001FXMq,Unknown
DEHE06200001bNRI,T-Shape
DEHE06200001bNur,Rectangle
DEHE06200001bNSI,L-Shape
DEHE06200001bMOm,Rectangle
DEHE06200002eEzE,Rectangle
DEHE06200001bjl3,Rectangle
DEHE06200001bMWa,L-Shape
DEHE06200001bAoP,L-Shape
DEHE06200001bMhc,Rectangle
DEHE0620000248PJ,Rectangle
DEHE06200001bB2U,L-Shape
DEHE06200001bMHD,Rectangle
DEHE06200001bM0Y,L-Shape
DEHE06200001bMLq,Rectangle
DEHE06200001buWx,Rectangle
DEHE062000023O7H,L-Shape
DEHE06200001bApH,Unknown
DEHE06200001bMzj,Rectangle
DEHE06200001d07n,Rectangle
DEHE06200002cLMP,Rectangle
DEHE06200001bMKK,Unknown
DEHE06200001bMoU,Rectangle
DEHE06200001d05Y,Rectangle
DEHE06200001bNg6,Unknown
DEHE06200002oWES,Rectangle
DEHE06200001EmcY,L-Shape
DEHE06200001bpIt,Rectangle
DEHE06200001bNU4,Rectangle
DEHE06200001YDMQ,Unknown
DEHE06200001bNfQ,Rectangle
DEHE06200001bLl1,Unknown
DEHE06200001bNLi,Rectangle
DEHE06200001bMl3,Unknown
DEHE06200001bOaK,L-Shape
DEHE06200001w0o2,L-Shape
DEHE06200001uuzf,Rectangle
DEHE06200002Aydf,Rectangle
DEHE06200001bLIR,L-Shape
DEHE06200001bMLV,L-Shape
DEHE06200001bNgw,Rectangle
DEHE06200001bMRr,Rectangle
DEHE06200001bMrO,Unknown
DEHE06200001bN0M,Rectangle
DEHE06200001bNeQ,L-Shape
DEHE06200001bNuk,L-Shape
DEHE06200001bLlJ,L-Shape
DEHE06200001bAUm,T-Shape
DEHE062000028elx,L-Shape
DEHE062000028SBs,Rectangle
DEHE06200001bpQX,Unknown
DEHE06200002wdpI,T-Shape
DEHE06200001bMmk,Rectangle
DEHE06200001bARv,Rectangle
DEHE06200001bMgj,L-Shape
DEHE06200001bMTt,Rectangle
DEHE06200001gPYn,L-Shape
DEHE06200001bAS8,T-Shape
DEHE06200001bv9d,T-Shape
DEHE06200001ceDp,Rectangle
DEHE06200001bN7k,Unknown
DEHE06200001bNWY,Rectangle
DEHE06200001bNRu,Unknown
DEHE06200001bMoI,T-Shape
DEHE06200001cS8z,Rectangle
DEHE06200002tHEt,L-Shape
DEHE06200002iAeT,Rectangle
DEHE06200002gcUI,L-Shape
DEHE06200001bLwU,Rectangle
DEHE06200001bMrd,Rectangle
DEHE06200001bLL8,Unknown
DEHE06200001buKM,Rectangle
DEHE06200001bO8B,L-Shape
DEHE06200001bNUY,L-Shape
DEHE06200001bAgL,Rectangle
DEHE06200001bMeA,T-Shape
DEHE06200001bNEu,L-Shape
DEHE06200001hmpZ,L-Shape
DEHE06200001bN39,Unknown
DEHE06200001bMLH,Rectangle
DEHE06200001ceCU,L-Shape
DEHE06200001bLmc,Unknown
DEHE06200001cZY6,Unknown
DEHE06200001tTJm,Rectangle
DEHE06200001hmRr,Rectangle
DEHE06200001hpfO,Unknown
DEHE062000020jFy,Rectangle
DEHE06200001hpJ0,L-Shape
DEHE06200001hmqc,Unknown
DEHE06200001hsQU,Unknown
DEHE06200001hpIn,Unknown
DEHE06200001ht7S,L-Shape
DEHE06200001hmVz,Unknown
DEHE06200001bLCK,Rectangle
DEHE06200001hnbS,Unknown
DEHE06200001hmDC,Unknown
DEHE06200001hsKN,Unknown
DEHE062000023oub,Unknown
DEHE06200001ht83,L-Shape
DEHE06200001ru3V,Rectangle
DEHE06200001LthO,Rectangle
DEHE06200001hqrB,L-Shape
DEHE06200001ofy7,Unknown
DEHE06200001ofy5,Rectangle
DEHE062000029TDC,Rectangle
DEHE06200001ru73,Rectangle
DEHE06200001ogHq,Unknown
DEHE062000025BgS,Rectangle
DEHE06200001ofcr,Unknown
DEHE06200001n3HO,Unknown
DEHE06200001n5Eh,T-Shape
DEHE06200001jTK9,Rectangle
DEHE06200002Acqn,Rectangle
DEHE06200001ofAp,L-Shape
DEHE06200001ofyd,Rectangle
DEHE06200001jUpg,Rectangle
DEHE06200001jTFo,Rectangle
DEHE06200001jTFN,L-Shape
DEHE06200001jTQz,Rectangle
DEHE06200001jTQr,Rectangle
DEHE06200001jTHP,Rectangle
DEHE06200001jTP5,Unknown
DEHE06200001jTFA,Unknown
DEHE06200001jTQR,Unknown
DEHE06200001jTFX,Rectangle
DEHE06200001ogHw,T-Shape
DEHE06200002pB2x,Rectangle
DEHE06200001ogJQ,Unknown
DEHE06200001ofAW,Unknown
DEHE06200001XEpW,Rectangle
DEHE06200001ogIJ,Unknown
DEHE06200002f12I,T-Shape
DEHE06200001jTHZ,T-Shape
DEHE06200001qoj3,Rectangle
DEHE06200001jSfU,Rectangle
DEHE06200001qokE,L-Shape
DEHE06200001qoj7,Rectangle
DEHE06200001FH7T,Rectangle
DEHE06200001FF8p,Rectangle
DEHE06200001qohI,Unknown
DEHE06200001qopG,Unknown
DEHE06200001qou4,Rectangle
DEHE06200001qoxZ,Unknown
DEHE06200001qoj2,Rectangle
DEHE06200001qojt,Rectangle
DEHE06200001qoil,Unknown
DEHE06200001qoi0,Unknown
DEHE06200001qomF,Rectangle
DEHE06200001qopc,Rectangle
DEHE06200001qoiR,Unknown
DEHE06200001qohk,L-Shape
DEHE06200001qofR,Unknown
DEHE06200002mLmd,Rectangle
DEHE06200001qojl,Unknown
DEHE06200001EQPU,Rectangle
DEHE06200001qotJ,Unknown
DEHE06200001iHNy,Rectangle
DEHE06200001qokM,Unknown
DEHE06200001qofZ,Rectangle
DEHE06200002qB0G,Unknown
DEHE062000007Mji,Rectangle
DEHE06200001I6Ur,Unknown
DEHE06200001r2wG,Rectangle
DEHE06200001iHKz,Rectangle
DEHE06200001qoqR,Rectangle
DEHE06200001qo6P,Unknown
DEHE06200001qo8U,Rectangle
DEHE06200001qo5x,Rectangle
DEHE06200001qo6q,L-Shape
DEHE06200001qo5b,Unknown
DEHE06200001qo59,L-Shape
DEHE06200001iHKR,Unknown
DEHE06200001iIAB,Rectangle
DEHE062000007Mj3,Rectangle
DEHE06200001vSKl,L-Shape
DEHE06200001diJ1,Unknown
DEHE06200001ebyd,L-Shape
DEHE06200001d6WC,Unknown
DEHE0612000030js,Rectangle
DEHE06200001dRN6,L-Shape
DEHE06200001e1AM,Unknown
DEHE06200001ebg5,L-Shape
DEHE06200001e1dZ,Rectangle
DEHE06200001dRAu,L-Shape
DEHE06200001pQhi,Unknown
DEHE06200001ebnU,Rectangle
DEHE06200001pQnw,Unknown
DEHE06200001pRGC,Rectangle
DEHE06200001pRIl,T-Shape
DEHE06200001pQva,Unknown
DEHE06200001pRGE,Rectangle
DEHE06200001idwk,Rectangle
DEHE06200001pRHX,Unknown
DEHE06200001pQeX,Rectangle
DEHE06200001pRF0,Rectangle
DEHE06200001idEt,Unknown
DEHE06200001idvM,Rectangle
DEHE06200001ieEE,T-Shape
DEHE06200001pQwx,L-Shape
DEHE06200001pQve,L-Shape
DEHE06200001cRyo,L-Shape
DEHE06200001fjNh,Rectangle
DEHE06200001fmhG,Rectangle
DEHE06200001klkA,Unknown
DEHE06200001eBDW,Rectangle
DEHE06200001cR7c,Rectangle
DEHE06200001cR8I,Unknown
DEHE06200001cRUP,L-Shape
DEHE06200001fjqd,Unknown
DEHE06200001cR7H,Unknown
DEHE062000024MmG,T-Shape
DEHE06200002rp9U,L-Shape
DEHE06200001ch7G,Rectangle
DEHE06200001fiD4,L-Shape
DEHE06200001fhAw,Unknown
DEHE06200001fmnJ,L-Shape
DEHE06200001fm9N,Rectangle
DEHE06200001fmlX,Rectangle
DEHE06200001cKbH,Unknown
DEHE06200002kMgW,Unknown
DEHE06200001chgv,Unknown
DEHE062000024MmF,T-Shape
DEHE06200001cRrY,L-Shape
DEHE06200001cxY3,Rectangle
DEHE06200001cKbU,L-Shape
DEHE06200001bBbe,Unknown
DEHE06200001chct,L-Shape
DEHE06200001bufL,Rectangle
DEHE06200001RXrR,L-Shape
DEHE06200001cKyc,Rectangle
DEHE06200002aEOx,Unknown
DEHE06200001cKeA,L-Shape
DEHE06200001cv67,T-Shape
DEHE06200001cKdF,Rectangle
DEHE06200001chgz,Unknown
DEHE06200001chvn,Unknown
DEHE06200001zhVS,Rectangle
DEHE06200001cKeU,Unknown
DEHE06200001cxX3,T-Shape
DEHE06200001DeIK,Rectangle
DEHE06200001cuBg,Rectangle
DEHE06200001cvOh,Unknown
DEHE06200001fkUb,L-Shape
DEHE06200001fkV6,L-Shape
DEHE06200001ceQn,Rectangle
DEHE06200001fkX3,L-Shape
DEHE06200001cL80,Rectangle
DEHE06200001ceOY,Unknown
DEHE06200001cKeu,L-Shape
DEHE06200001cL8O,Rectangle
DEHE062000021d1s,Unknown
DEHE06200001PGWM,T-Shape
DEHE06200001cLaq,L-Shape
DEHE06200001fkPP,L-Shape
DEHE06200001ch80,Unknown
DEHE06200001cxY6,Unknown
DEHE06200001P99u,Rectangle
DEHE06200001cKxV,Rectangle
DEHE06200001cuFt,Unknown
DEHE06200001Kr56,T-Shape
DEHE06200001fkUl,L-Shape
DEHE06200001ch5x,Rectangle
DEHE06200001H2g6,Rectangle
DEHE06200001cgTf,Rectangle
DEHE06200001fkWI,L-Shape
DEHE06200001cuE0,T-Shape
DEHE06200001fkPX,L-Shape
DEHE06200001buaw,L-Shape
DEHE06200001cKeD,Rectangle
DEHE06200001bugn,Rectangle
DEHE06200002kMgT,Unknown
DEHE06200001y97p,T-Shape
DEHE06200001PdiI,Unknown
DEHE06200001bubl,Unknown
DEHE06200001DADf,L-Shape
DEHE06200001fi35,T-Shape
DEHE06200001cLkd,Unknown
DEHE06200001cL8X,T-Shape
DEHE06200001fljW,Unknown
DEHE062000022Ltu,Rectangle
DEHE06200001DeIJ,Unknown
DEHE062000022Lts,Rectangle
DEHE06200001bBha,Unknown
DEHE06200001cuBq,Rectangle
DEHE06200001QlCo,L-Shape
DEHE06200001zuiX,L-Shape
DEHE06200001chcZ,Rectangle
DEHE06200001cheW,L-Shape
DEHE06200001fkUL,Rectangle
DEHE06200001QKBb,Rectangle
DEHE06200001chfd,L-Shape
DEHE06200001hpLu,Rectangle
DEHE06200001cfmE,Unknown
DEHE06200002yaPL,Rectangle
DEHE062000021d1t,Rectangle
DEHE06200001hpyG,L-Shape
DEHE06200001cgXK,Unknown
DEHE06200001UhG7,Unknown
DEHE06200001UhG6,Unknown
DEHE06200001cfv6,Rectangle
DEHE06200001hpI7,Unknown
DEHE06200001cfmc,Rectangle
DEHE06200001mCu3,Unknown
DEHE06200001hXbA,Rectangle
DEHE06200002q5wA,Unknown
DEHE06200001cfAw,T-Shape
DEHE06200001mC5S,Unknown
DEHE06200001mC7s,L-Shape
DEHE06200001cfAH,Unknown
DEHE06200001cfkW,T-Shape
DEHE06200001cfDS,Rectangle
DEHE06200001hpKO,T-Shape
DEHE06200001hXig,Rectangle
DEHE06200001hpEq,Unknown
DEHE06200001cfhf,T-Shape
DEHE06200001cgYa,Rectangle
DEHE06200001cgYN,Unknown
DEHE06200001cfIX,Rectangle
DEHE06200001hpJF,L-Shape
DEHE06200001WdiA,Rectangle
DEHE06200001BzHv,Rectangle
DEHE06200001mC1B,Rectangle
DEHE06200001mC0F,Unknown
DEHE06200001cgXj,Rectangle
DEHE062000024Fx5,Unknown
DEHE062000021r81,L-Shape
DEHE06200001qNTy,Rectangle
DEHE06200002qGC4,Unknown
DEHE06200001mErf,Rectangle
DEHE06200001JZ5f,Unknown
DEHE06200001O1fe,Unknown
DEHE06200001NyJl,T-Shape
DEHE06200001IjcX,L-Shape
DEHE06200001m3Dr,Rectangle
DEHE06200001GMGp,T-Shape
DEHE06200001j4YQ,L-Shape
DEHE06200002fnUg,L-Shape
DEHE06200001w0lX,Unknown
DEHE06200001j4Z1,Rectangle
DEHE06200001m3IT,T-Shape
DEHE06200001j4Wr,Rectangle
DEHE06200001j52g,Unknown
DEHE06200001m3Ky,Unknown
DEHE06200001w0lY,Rectangle
DEHE06200001j56u,Rectangle
DEHE06200001p1Gl,Unknown
DEHE06200001p4Ei,Rectangle
DEHE06200001p1dy,Unknown
DEHE06200001p1Gw,Rectangle
DEHE06200001p2Fm,Unknown
DEHE06200001flUq,L-Shape
DEHE06200001flX3,Unknown
DEHE06200001flTL,L-Shape
DEHE06200001odKB,L-Shape
DEHE06200001odrK,Rectangle
DEHE06200001odm5,L-Shape
DEHE06200001flX7,Unknown
DEHE06200001flN3,Rectangle
DEHE062000027P1C,Rectangle
DEHE06200001flU2,L-Shape
DEHE06200001flfj,Unknown
DEHE062000026C7c,Rectangle
DEHE06200001cx0Q,Rectangle
DEHE06200002fw6X,Rectangle
DEHE06200001fl8n,T-Shape
DEHE06200001flh6,L-Shape
DEHE06200001fllw,T-Shape
DEHE06200001fkGa,Unknown
DEHE06200001fkG1,Rectangle
DEHE06200001cxnR,Rectangle
DEHE06200002bhFt,Rectangle
DEHE06200001cxXZ,Unknown
DEHE06200001QMtF,Rectangle
DEHE06200001fl8F,T-Shape
DEHE06200001vzVI,Unknown
DEHE06200001cx9K,L-Shape
DEHE0620000213Me,T-Shape
DEHE06200001fl9q,T-Shape
DEHE06200001cwZg,T-Shape
DEHE062000023lLa,Unknown
DEHE06200001cxm6,L-Shape
DEHE06200001vzVM,Unknown
DEHE06200001flda,Unknown
DEHE06200001fkEl,Rectangle
DEHE0620000222T7,L-Shape
DEHE06200001fl72,Unknown
DEHE06200001flmA,Rectangle
DEHE0620000222T5,Unknown
DEHE06200001z0WU,T-Shape
DEHE06200001UhhS,T-Shape
DEHE06200001flj2,T-Shape
DEHE06200000kHSN,T-Shape
DEHE06200001flma,Rectangle
DEHE06200001ru41,Unknown
DEHE06200001ru3K,T-Shape
DEHE06200001ZXEP,Rectangle
DEHE062000023lLc,Rectangle
DEHE06200000kHSW,Unknown
DEHE06200001ru45,Rectangle
DEHE06200002hQRL,Rectangle
DEHE06200001ru2r,L-Shape
DEHE06200001iHbE,Unknown
DEHE06200001cxYT,Unknown
DEHE06200001flj6,L-Shape
DEHE06200001KdnL,Rectangle
DEHE06200001iHbC,Unknown
DEHE06200002AO8H,Rectangle
DEHE06200001ru2i,Unknown
DEHE06200001ZcL9,Unknown
DEHE06200001qojC,Unknown
DEHE06200001n3Mg,T-Shape
DEHE06200001qoc4,Rectangle
DEHE06200001qo9t,Rectangle
DEHE06200001qo9p,Unknown
DEHE06200001qodE,Unknown
DEHE06200001qo7z,Unknown
DEHE06200001qobv,Rectangle
DEHE06200001qoc1,L-Shape
DEHE06200001HBEi,Rectangle
DEHE06200001N0ms,Unknown
DEHE06200001qo7Q,Rectangle
DEHE06200001qo8e,Unknown
DEHE06200001qojT,Unknown
DEHE06200001qo8Z,Unknown
DEHE06200001qojL,Unknown
DEHE06200001qo7M,T-Shape
DEHE06200001qonL,Unknown
DEHE06120001siOE,Rectangle
DEHE06120002ba7s,Unknown
DEHE061200000Q5A,L-Shape
DEHE061200000Q5U,Unknown
DEHE061200000PVc,L-Shape
DEHE061200000PDk,Rectangle
DEHE061200000NmL,Unknown
DEHE061200000PTB,L-Shape
DEHE061200000PTk,Rectangle
DEHE061200000PSv,L-Shape
DEHE06120000mlLz,Unknown
DEHE06120000mgfS,Rectangle
DEHE0612000030jv,Rectangle
DEHE061200020UpD,Rectangle
DEHE06120000LxPR,Unknown
DEHE06120002oARs,T-Shape
DEHE06120000LxJj,Unknown
DEHE06120000LxPj,Unknown
DEHE06120000mkiA,Rectangle
DEHE06120000LxS1,Rectangle
DEHE06120000LxOi,T-Shape
DEHE06120000LxOW,T-Shape
DEHE06120000Wafr,T-Shape
DEHE06120000Wejt,T-Shape
DEHE06120000Wbhg,Rectangle
DEHE06120000We1p,L-Shape
DEHE06120000LxPC,Unknown
DEHE06120001V5TM,Rectangle
DEHE06120000WdtU,Rectangle
DEHE06120000Wafw,L-Shape
DEHE06120000We0Z,Unknown
DEHE06120000Werq,L-Shape
DEHE06120000Wea1,Rectangle
DEHE06120000WdMF,Unknown
DEHE06120000Waf7,L-Shape
DEHE06120000WafB,T-Shape
DEHE06120000Wbhj,Rectangle
DEHE06120000We0x,L-Shape
DEHE06120000WdO7,T-Shape
DEHE06120000Wbhm,Rectangle
DEHE06120000Wa9D,Unknown
DEHE06120000WdMN,T-Shape
DEHE06120000U5ic,Rectangle
DEHE06120000Wbg5,Rectangle
DEHE06120000WafG,L-Shape
DEHE06120002lOC8,L-Shape
DEHE06120000U41U,Rectangle
DEHE06120000U4iX,Unknown
DEHE06120000U4n5,T-Shape
DEHE06120000U5gR,Rectangle
DEHE06120000U48M,Rectangle
DEHE06120000U4j4,Rectangle
DEHE06120000Vmia,Rectangle
DEHE06120000Vm20,Rectangle
DEHE061200022iJX,Rectangle
DEHE06120000VmVs,Unknown
DEHE06120000VmNw,Rectangle
DEHE06120000Vmi6,Rectangle
DEHE06120000VmNt,Unknown
DEHE06120000PC6Z,Unknown
DEHE06120000VFzk,T-Shape
DEHE06120000VmUX,L-Shape
DEHE06120000PxdO,L-Shape
DEHE06120000Pzl2,Unknown
DEHE06120000Pyjp,Rectangle
DEHE06120000PxWd,Unknown
DEHE06120000XoYk,Rectangle
DEHE06120000PyEZ,Rectangle
DEHE06120000YlxM,Rectangle
DEHE06120000Xp0t,Rectangle
DEHE06120000XuxL,Unknown
DEHE06120000Xu2X,Rectangle
DEHE06120001Omc8,L-Shape
DEHE06120002wru2,Unknown
DEHE06120000XoAB,T-Shape
DEHE06120000XqIm,Unknown
DEHE06120000XsDP,Rectangle
DEHE06120000XsFc,Unknown
DEHE06120000XsEQ,T-Shape
DEHE06120000XoxJ,T-Shape
DEHE06120001SA5d,Unknown
DEHE06120000Xti1,Unknown
DEHE061200010D7Y,Rectangle
DEHE06120001ThE4,Rectangle
DEHE061200010Dcn,Rectangle
DEHE06120001Kl2W,L-Shape
DEHE06120000XsJc,T-Shape
DEHE0612000112Y8,L-Shape
DEHE061200028ZFg,Unknown
DEHE06120001102e,Rectangle
DEHE06120001102g,L-Shape
DEHE0612000112Ya,Rectangle
DEHE0612000112rx,Unknown
DEHE06120001Llbs,L-Shape
DEHE06120001131a,Rectangle
DEHE06120001Llds,Unknown
DEHE06120000Q640,Rectangle
DEHE0612000112nx,Rectangle
DEHE06120001Lldt,Rectangle
DEHE05970000OYCQ,Unknown
DEHE06120000Rbqm,Rectangle
DEHE06120000QAhe,T-Shape
DEHE05970000if1q,Unknown
DEHE05970000j6nr,Rectangle
DEHE06120000Rgbi,L-Shape
DEHE06120001D14Z,Rectangle
DEHE05970000icUn,T-Shape
DEHE05970001gO2m,Unknown
DEHE05970001m7oq,Rectangle
DEHE05970000kp00,Rectangle
DEHE05970000knP5,Rectangle
DEHE05970000koXe,Rectangle
DEHE062000008gS8,T-Shape
DEHE05970000rcBj,L-Shape
DEHE05970000qFyH,T-Shape
DEHE05970000o7m9,Unknown
DEHE062000008gyT,Unknown
DEHE062000008h2o,Unknown
DEHE062000008Xl1,L-Shape
DEHE06200000kEkv,Rectangle
DEHE06200000kHjS,Unknown
DEHE06200000kHkS,Rectangle
DEHE06200000kHmd,Unknown
DEHE06200000kEpL,Rectangle
DEHE06200001KAME,T-Shape
DEHE06200000kEl1,Unknown
DEHE06200001Ugmp,L-Shape
DEHE06200000kEh7,Unknown
DEHE06200000kEtx,Rectangle
DEHE06200000kHiF,Unknown
DEHE06200000kEt6,Rectangle
DEHE06200000kG5t,Rectangle
DEHE06200000kEsC,Unknown
DEHE06200000kEnn,Rectangle
DEHE06200000kHlb,T-Shape
DEHE06200000kI3L,Unknown
DEHE06200001VTiX,Rectangle
DEHE06200000kHVe,Rectangle
DEHE06200000kI3Q,Rectangle
DEHE06200000kHT3,T-Shape
DEHE06200000kHW2,Rectangle
DEHE06200000kI44,T-Shape
DEHE06200000kHYu,Rectangle
DEHE06200000kHYe,Rectangle
DEHE06200002oLj8,Rectangle
DEHE06200000kHSz,Unknown
DEHE06200000kI9v,T-Shape
DEHE06200000kI6y,Unknown
DEHE06200000kHYA,Rectangle
DEHE06200000kHUB,Unknown
DEHE06200000kHVy,Unknown
DEHE06200000kI9C,Rectangle
DEHE06200001BzDS,Rectangle
DEHE06200000kI6s,L-Shape
DEHE06200001vle5,L-Shape
DEHE06200001Seo5,Unknown
DEHE06200000kHZy,L-Shape
DEHE06200000jqrk,Rectangle
DEHE06200000kHSE,Unknown
DEHE06200000kHZG,L-Shape
DEHE06200000FQIa,Rectangle
DEHE06200000FsAE,Rectangle
DEHE06200000jqrL,Rectangle
DEHE06200001M0M1,Rectangle
DEHE06200000jqry,Unknown
DEHE06200000jrVi,T-Shape
DEHE06200002nNbN,Rectangle
DEHE06200000jsEr,Rectangle
DEHE06200000jrYj,Rectangle
DEHE06200000jtpd,T-Shape
DEHE06200000jrQh,Rectangle
DEHE062000007MkL,Rectangle
DEHE06200000jssb,Rectangle
DEHE062000007Mk0,Unknown
DEHE062000007MET,Rectangle
DEHE062000007MF9,Rectangle
DEHE062000007Mu4,T-Shape
DEHE062000007Mqm,Rectangle
DEHE062000007MiG,L-Shape
DEHE05970000db6R,Unknown
DEHE062000007MyF,L-Shape
DEHE05970000db4i,L-Shape
DEHE05970000ckiZ,Rectangle
DEHE05970000ckj2,Unknown
DEHE05970000db3Z,L-Shape
DEHE05970000clhI,Rectangle
DEHE05970000dbar,T-Shape
DEHE05970000clGI,Unknown
DEHE05970000clgO,Unknown
DEHE05970000d4bU,L-Shape
DEHE059700016xOg,Unknown
DEHE05970000cKsi,L-Shape
DEHE05970000d4UH,Unknown
DEHE05970000clP7,T-Shape
DEHE05970000d3qj,Unknown
DEHE05970000db0n,Rectangle
DEHE059700000odj,Rectangle
DEHE059700000HRM,Rectangle
DEHE059700000ocw,Unknown
DEHE059700000zgY,Rectangle
DEHE059700000o4p,L-Shape
DEHE059700000od1,Rectangle
DEHE059700000odk,Rectangle
DEHE059700000o4B,Rectangle
DEHE059700000HNF,Unknown
